id,year,date,dw,country,town,state,place,day_evening,with_mls,plays_mls_keyboards,comment
L2025-02-16,2025,2025-02-16,вс,Россия,Москва,,бард-клуб "Гнездо глухаря",,false,false,
L2025-01-08,2025,2025-01-08,cр,Россия,Москва,,бард-клуб "Гнездо глухаря",,false,false,
L2024-12-15,2024,2024-12-15,вc,Россия,Москва,,бард-клуб "Гнездо глухаря",,true,true,премьера
L2024-11-16,2024,2024-11-16,сб,Россия,Москва,,бард-клуб "Гнездо глухаря",,false,false,
L2024-11-xx,2024,,,США,Los Angeles,CA,,,false,false,
L2024-11-01,2024,2024-11-01,пт,США,Mountain View,CA,Samovar Hall,,false,false,
L2024-10-26,2024,2024-10-26,сб,США,Redmond,WA,Russian Community Center,,false,false,
L2024-09-29,2024,2024-09-29,вс,Россия,Санкт-Петербург,,бард-клуб "Гнездо глухаря",,false,false,
L2024-09-23,2024,2024-09-23,пн,Россия,Москва,,бард-клуб "Гнездо глухаря",,true,false,премьера
L2024-08-20,2024,2024-08-20,вт,Россия,Москва,,бард-клуб "Гнездо глухаря",,false,false,
L2024-07-06,2024,2024-07-06,сб,Россия,Москва,,бард-клуб "Гнездо глухаря",,false,false,
L2024-06-23,2024,2024-06-23,вс,США,New York,NY,Scandinavia House,,false,false,Ким и Щербаков
L2024-06-02,2024,2024-06-02,вс,США,Kensington,MD,клуб "БардЭльЕро",,false,false,
L2024-05-25,2024,2024-05-25,сб,США,New Rochelle,NY,,false,false,
L2024-05-19,2024,2024-05-19,вс,США,Boston,MA,,false,false,
L2024-05-16,2024,2024-05-16,чт,США,Cleveland,OH,,false,false,
L2024-05-14,2024,2024-05-14,вт,США,Secaucus,NJ,,false,false,
L2024-05-12,2024,2024-05-12,вс,США,Long Island,NY,,false,false,
L2024-05-02,2024,2024-05-02,чт,Россия,Москва,,бард-клуб "Гнездо глухаря",,false,false,
L2024-04-21-2,2024,2024-04-21,вс,Россия,Санкт-Петербург,,бард-клуб "Гнездо глухаря",вечерний,false,false,
L2024-04-21-1,2024,2024-04-21,вс,Россия,Санкт-Петербург,,бард-клуб "Гнездо глухаря",дневной,false,false,
L2024-04-07,2024,2024-04-07,вс,Германия,Карлсруэ,,Anne Frank Haus,,false,false,
L2024-04-03,2024,2024-04-03,ср,Россия,Москва,,бард-клуб "Гнездо глухаря",,false,false,
L2024-02-24,2024,2024-02-24,сб,Россия,Москва,,бард-клуб "Гнездо глухаря",,true,true,2 премьеры
L2024-01-28,2024,2024-01-28,вс,Россия,Москва,,бард-клуб "Гнездо глухаря",,false,false,
L2024-01-03,2024,2024-01-03,ср,Россия,Москва,,бард-клуб "Гнездо глухаря",,false,false,
L2023-12-18,2023,2023-12-18,пн,Кипр,Лимассол,,зал "Киклос",,false,false,
L2023-12-15,2023,2023-12-15,пт,США,Somerset,NJ,Villagers Theatre,,false,false,
L2023-12-09,2023,2023-12-09,сб,США,Moorestown,NJ,домашний концерт на вилле Курица,,false,false,
L2023-12-03,2023,2023-12-03,вс,США,Boston,MA,,false,false,
L2023-11-25,2023,2023-11-25,пн,США,Port Monmouth,NJ,,false,false,
L2023-11-09,2023,2023-11-09,чт,Россия,Москва,,ЦАП,,false,false,
L2023-10-30,2023,2023-10-30,пн,Россия,Москва,,бард-клуб "Гнездо глухаря",,false,false,
L2023-09-30,2023,2023-09-30,сб,Россия,Москва,,бард-клуб "Гнездо глухаря",,false,false,
L2023-09-19,2023,2023-09-19,вт,Россия,Санкт-Петербург,,бард-клуб "Гнездо глухаря",,false,false,
L2023-08-26,2023,2023-08-26,пн,Россия,Москва,,бард-клуб "Гнездо глухаря",,false,false,
L2023-07-08,2023,2023-07-08,сб,Россия,Москва,,бард-клуб "Гнездо глухаря",,false,false,премьера
L2023-05-29,2023,2023-05-29,пн,Россия,Москва,,бард-клуб "Гнездо глухаря",,true,false,
L2023-05-14,2023,2023-05-14,вс,Россия,Санкт-Петербург,,бард-клуб "Гнездо глухаря",,false,false,
L2023-05-11,2023,2023-05-11,чт,Россия,Санкт-Петербург,,бард-клуб "Гнездо глухаря",,false,false,
L2023-04-24,2023,2023-04-24,пн,Россия,Москва,,бард-клуб "Гнездо глухаря",,false,false,
L2023-03-20,2023,2023-03-20,пн,Россия,Москва,,бард-клуб "Гнездо глухаря",,false,false,
L2023-02-13,2023,2023-02-13,пн,Россия,Москва,,бард-клуб "Гнездо глухаря",,false,false,
L2023-02-12,2023,2023-02-12,вс,Россия,Москва,,бард-клуб "Гнездо глухаря" (малый зал),,false,false,
L2022-12-05,2022,2022-12-05,пн,Россия,Москва,,бард-клуб "Гнездо глухаря" (малый зал),,false,false,текст
L2022-11-22,2022,2022-11-22,вт,Россия,Москва,,бард-клуб "Гнездо глухаря",,true,true,премьера
L2022-11-17,2022,2022-11-17,чт,Россия,Москва,,ЦАП,,false,false,
L2022-10-29,2022,2022-10-29,сб,Россия,Москва,,бард-клуб "Гнездо глухаря",,false,false,
L2022-09-26,2022,2022-09-26,пн,Россия,Москва,,бард-клуб "Гнездо глухаря",,false,false,премьера
L2022-09-11,2022,2022-09-11,вс,Россия,Санкт-Петербург,,бард-клуб "Гнездо глухаря",,false,false,2 премьеры
L2022-08-01,2022,2022-08-01,пн,Россия,Москва,,бард-клуб "Гнездо глухаря",,false,false,
L2022-06-06,2022,2022-06-06,пн,Россия,Москва,,бард-клуб "Гнездо глухаря",,false,false,премьера
L2022-05-15-2,2022,2022-05-15,вс,Россия,Санкт-Петербург,,бард-клуб "Гнездо глухаря",вечерний,false,false,
L2022-05-15-1,2022,2022-05-15,вс,Россия,Санкт-Петербург,,бард-клуб "Гнездо глухаря",дневной,false,false,
L2022-05-07,2022,2022-05-07,сб,Россия,Москва,,бард-клуб "Гнездо глухаря" (малый зал),,false,false,премьера
L2022-04-04,2022,2022-04-04,пн,Россия,Москва,,бард-клуб "Гнездо глухаря",,true,false,3 премьеры
L2022-02-13,2022,2022-02-13,вс,Россия,Москва,,бард-клуб "Гнездо глухаря" (малый зал),,false,false,премьера
L2022-01-10,2022,2022-01-10,пн,Россия,Москва,,бард-клуб "Гнездо глухаря",,false,false,
L2021-11-08,2021,2021-11-08,пн,Россия,Москва,,бард-клуб "Гнездо глухаря",,false,false,
L2021-09-30,2021,2021-09-30,чт,Россия,Санкт-Петербург,,бард-клуб "Гнездо глухаря",,false,false,
L2021-09-27,2021,2021-09-27,пн,Россия,Москва,,бард-клуб "Гнездо глухаря",,false,false,
L2021-08-21,2021,2021-08-21,сб,Россия,Москва,,бард-клуб "Гнездо глухаря" (малый зал),,false,false,текст
L2021-07-19,2021,2021-07-19,пн,Россия,Москва,,бард-клуб "Гнездо глухаря",,true,true,3 премьеры
L2021-05-17,2021,2021-05-17,пн,Россия,Москва,,бард-клуб "Гнездо глухаря",,false,false,
L2021-04-03,2021,2021-04-03,сб,Россия,Москва,,бард-клуб "Гнездо глухаря",,false,false,true,true,премьера
L2021-03-13,2021,2021-03-13,сб,Россия,Москва,,бард-клуб "Гнездо глухаря" (малый зал),,false,false,премьера
L2021-02-26,2021,2021-02-26,пн,Россия,Красногорск,Московская обл.,домашний концерт у А. Гавриленко,,false,false,
L2021-02-08,2021,2021-02-08,пн,Россия,Москва,,бард-клуб "Гнездо глухаря",,false,false,премьера,текст
L2020-11-09,2020,2020-11-09,пн,Россия,Москва,,бард-клуб "Гнездо глухаря",,true,false,премьера
L2020-09-21,2020,2020-09-21,пн,Россия,Москва,,бард-клуб "Гнездо глухаря",,false,false,текст
L2020-09-12,2020,2020-09-12,сб,Россия,Москва,,бард-клуб "Гнездо глухаря" (малый зал),,false,false,3 премьеры
L2020-03-10,2020,2020-03-10,вт,Россия,Москва,,бард-клуб "Гнездо глухаря",,false,false,
L2020-02-16,2020,2020-02-16,вс,Россия,Москва,,клуб-ресторан "Сан-Диего",,false,false,
L2020-01-09,2020,2020-01-09,чт,Россия,Москва,,бард-клуб "Гнездо глухаря",,false,false,
L2019-12-02,2019,2019-12-02,пн,Россия,Москва,,бард-клуб "Гнездо глухаря",,false,false,
L2019-11-03,2019,2019-11-03,вс,США,Irvine,CA,домашний концерт у А. Кискачи,,false,false,
L2019-10-16,2019,2019-10-16,ср,США,Fair Lawn,NJ,,,false,false,
L2019-10-07,2019,2019-10-07,пн,Россия,Москва,,бард-клуб "Гнездо глухаря",,false,false,
L2019-09-24,2019,2019-09-24,вт,Россия,Москва,,офис СТД,,false,false,4 премьеры
L2019-08-19,2019,2019-08-19,пн,Россия,Москва,,бард-клуб "Гнездо глухаря",,false,false,
L2019-06-24,2019,2019-06-24,пн,Россия,Москва,,бард-клуб "Гнездо глухаря",,false,false,
L2019-06-08,2019,2019-06-08,сб,Россия,Москва,,кафе "Ex:Libris",,false,false,
L2019-06-01,2019,2019-06-01,сб,Эстония,Таллинн,,Таллиннский университет,,false,false,
L2019-04-30,2019,2019-04-30,вт,Россия,Москва,,бард-клуб "Гнездо глухаря",,false,false,
L2019-04-06,2019,2019-04-06,сб,Германия,Карлсруэ,,Evangelische Studierendengemeinde,,false,false,
L2019-03-25,2019,2019-03-25,пн,Россия,Москва,,бард-клуб "Гнездо глухаря",,true,true,
L2019-02-23,2019,2019-02-23,сб,Россия,Москва,,бард-клуб "Гнездо глухаря" (малый зал),,false,false,
L2019-02-09,2019,2019-02-09,сб,Россия,Москва,,кафе "Ex:Libris",,false,false,
L2019-01-09,2019,2019-01-09,ср,Россия,Москва,,бард-клуб "Гнездо глухаря",,true,false,
L2018-12-08,2018,2018-12-08,сб,Россия,Москва,,бард-клуб "Гнездо глухаря",,false,false,
L2018-11-18,2018,2018-11-18,вс,США,Palo Alto,CA,,,false,false,
L2018-11-17,2018,2018-11-17,сб,США,San Francisco,CA,,,false,false,
L2018-11-16,2018,2018-11-16,пт,США,Cleveland,OH,,,false,false,
L2018-11-09,2018,2018-11-09,пт,США,Manhattan,NY,,,false,false,
L2018-11-04,2018,2018-11-04,вс,США,NJ,,,false,false,
L2018-10-29,2018,2018-10-29,пн,Россия,Москва,,бард-клуб "Гнездо глухаря",,false,false,
L2018-10-20,2018,2018-10-20,сб,Беларусь,Минск,,домашний концерт у И. и А. Горбач,,true,false,премьера
L2018-10-19,2018,2018-10-19,пт,Беларусь,Минск,,домашний концерт у И. и А. Горбач,,false,false,
L2018-10-10,2018,2018-10-10,ср,Украина,Киев,,Дом учёных,,false,false,
L2018-10-07,2018,2018-10-07,вс,Украина,Харьков,,творческий вечер,,false,false,
L2018-09-29,2018,2018-09-29,сб,Россия,Мурманск,,,false,false,
L2018-09-21,2018,2018-09-21,пт,Россия,Санкт-Петербург,,КЗ "У Финляндского",,false,false,
L2018-09-03,2018,2018-09-03,пн,Россия,Москва,,бард-клуб "Гнездо глухаря",,false,false,
L2018-08-24,2018,2018-08-24,пт,Дания,Копенгаген,,,false,false,
L2018-07-14,2018,2018-07-14,сб,Россия,Москва,,бард-клуб "Гнездо глухаря",,false,false,премьера
L2018-06-04,2018,2018-06-04,пн,Россия,Москва,,бард-клуб "Гнездо глухаря",,false,false,премьера
L2018-05-19,2018,2018-05-19,сб,США,Chicago,IL,,,false,false,
L2018-05-13,2018,2018-05-13,вс,США,Ann Arbor,MI,,,false,false,
L2018-05-06,2018,2018-05-06,вс,США,San Diego,CA,,,false,false,
L2018-05-05,2018,2018-05-05,сб,США,Los Angeles,CA,,,false,false,
L2018-04-24,2018,2018-04-24,вт,Россия,Москва,,ЦАП,,false,false,текст
L2018-04-05,2018,2018-04-05,чт,Россия,Москва,,бард-клуб "Гнездо глухаря" (малый зал),,false,false,
L2018-03-04,2018,2018-03-04,вс,Россия,Москва,,бард-клуб "Гнездо глухаря",,false,false,
L2018-01-29,2018,2018-01-29,пн,Россия,Москва,,бард-клуб "Гнездо глухаря",,false,false,
L2017-12-03,2017,2017-12-03,вс,США,Philadelphia,PA,магазин "Книжник",,false,false,
L2017-11-30,2017,2017-11-30,чт,США,Newton,MA,,,false,false,
L2017-11-28,2017,2017-11-28,вт,США,Fair Lawn,NJ,,,false,false,
L2017-11-22,2017,2017-11-22,ср,Россия,Москва,,бард-клуб "Гнездо глухаря",,false,false,2 премьеры
L2017-10-28,2017,2017-10-28,сб,Россия,Оренбург,,Областной театр кукол,,false,false,
L2017-10-17,2017,2017-10-17,вт,Россия,Москва,,бард-клуб "Гнездо глухаря",,true,false,"Своё чужое"
L2017-09-23,2017,2017-09-23,сб,Россия,Санкт-Петербург,,КЗ "У Финляндского",,false,false,
L2017-08-14,2017,2017-08-14,пн,Россия,Москва,,бард-клуб "Гнездо глухаря",,false,false,
L2017-07-02,2017,2017-07-02,вс,Россия,Москва,,бард-клуб "Гнездо глухаря",,false,false,
L2017-05-28,2017,2017-05-28,вс,Россия,Москва,,бард-клуб "Гнездо глухаря",,false,false,
L2017-05-06,2017,2017-05-06,сб,Швеция,Стокгольм,,,,false,false,
L2017-05-04,2017,2017-05-04,чт,Норвегия,Осло,,,,
L2017-04-29,2017,2017-04-29,сб,Россия,Москва,,бард-клуб "Гнездо глухаря",,false,false,2 премьеры
L2017-04-02,2017,2017-04-02,вс,Россия,,Нижегородская обл.,бард-фестиваль "Музыка сердец - X",,false,false,
L2017-03-13,2017,2017-03-13,пн,Россия,Москва,,бард-клуб "Гнездо глухаря",,false,false,
L2017-01-10,2017,2017-01-10,вт,Россия,Москва,,бард-клуб "Гнездо глухаря",,false,false,
L2016-12-16,2016,2016-12-16,пт,Израиль,Гиватаим,,"Театр Гиватаим",,false,false,
L2016-12-14,2016,2016-12-14,ср,Израиль,Хайфа,,зал "Бейтену",,false,false,
L2016-11-12,2016,2016-11-12,сб,США,Palo Alto,CA,Samovar Hall,,false,false,
L2016-11-11,2016,2016-11-11,пт,США,Seattle,WA,,,false,false,
L2016-11-05,2016,2016-11-05,сб,США,Los Angeles,CA,,,false,false,
L2016-11-01,2016,2016-11-01,вт,Россия,Москва,,бард-клуб "Гнездо глухаря",,true,true,
L2016-10-02,2016,2016-10-02,вс,Россия,Москва,,бард-клуб "Гнездо глухаря" (малый зал),,false,false,
L2016-09-22,2016,2016-09-22,чт,Россия,Санкт-Петербург,,КЗ "У Финляндского",,false,false,
L2016-09-09,2016,2016-09-09,пт,Украина,Киев,,Республиканский Дом актёра,,false,false,
L2016-09-07,2016,2016-09-07,ср,Харьков,,Дом учёных,,false,false,
L2016-09-04,2016,2016-09-04,вс,Россия,Москва,,бард-клуб "Гнездо глухаря",,false,false,
L2016-08-16,2016,2016-08-16,вт,Россия,Москва,,бард-клуб "Гнездо глухаря",,true,false,
L2016-07-22,2016,2016-07-22,пт,Россия,Москва,,бард-клуб "Гнездо глухаря",,false,false,
L2016-06-29,2016,2016-06-29,ср,Россия,Москва,,театр Елены Камбуровой,,false,false,
L2016-05-31,2016,2016-05-31,вт,Россия,Москва,,бард-клуб "Гнездо глухаря",,false,false,
L2016-05-07,2016,2016-05-07,сб,США,Boulder,CO,,,false,false,
L2016-04-30,2016,2016-04-30,сб,США,Portland,OR,,,false,false,
L2016-04-24,2016,2016-04-24,вс,США,Old Brookville,NY,,,false,false,
L2016-04-23,2016,2016-04-23,сб,США,Brooklyn,NY,,,false,false,
L2016-04-21,2016,2016-04-21,чт,США,Boston,MA,,,false,false,
L2016-04-16,2016,2016-04-16,сб,Россия,Москва,,бард-клуб "Гнездо глухаря",,false,false,
L2016-03-16,2016,2016-03-16,ср,Россия,Москва,,бард-клуб "Гнездо глухаря",,false,false,
L2016-03-11,2016,2016-03-11,пт,Россия,Мурманск,,Областной театр кукол,,false,false,
L2016-02-28,2016,2016-02-28,вс,Австралия,Мельбурн,,,,false,false,
L2016-02-20,2016,2016-02-20,сб,Австралия,Сидней,,,,false,false,
L2016-02-15,2016,2016-02-15,пн,Россия,Москва,,бард-клуб "Гнездо глухаря" (малый зал),,false,false,
L2016-01-12,2016,2016-01-12,вт,Россия,Москва,,клуб-магазин "Гиперион",,false,false,премьера,,
L2016-01-10,2016,2016-01-10,вс,Россия,Москва,,бард-клуб "Гнездо глухаря",,false,false,2 премьеры
L2015-12-06,2015,2015-12-06,вс,США,Irvine,CA,домашний концерт у А. Кискачи,,false,false,
L2015-11-22,2015,2015-11-22,вс,США,Palo Alto,CA,,,false,false,
L2015-11-21,2015,2015-11-21,сб,США,Cleveland,OH,,,false,false,
L2015-11-20,2015,2015-11-20,пт,США,Bethesda,MD,клуб "БардАчок",,false,false,
L2015-11-16,2015,2015-11-16,пн,Россия,Москва,,бард-клуб "Гнездо глухаря",,false,false,
L2015-11-07,2015,2015-11-07,сб,Великобритания,Лондон,,Cruciform Building,,false,false,
L2015-10-26,2015,2015-10-26,пн,Россия,Москва,,бард-клуб "Гнездо глухаря",,false,false,
L2015-10-06,2015,2015-10-06,вт,Россия,Москва,,бард-клуб "Гнездо глухаря",,true,true,
L2015-09-09,2015,2015-09-09,ср,Россия,Москва,,бард-клуб "Гнездо глухаря",,false,false,
L2015-09-03,2015,2015-09-03,чт,Швейцария,Лозанна,Vaud,Casona Latina,,false,false,
L2015-09-02,2015,2015-09-02,ср,Швейцария,Женева,Женева,Salle Equitable,,false,false,
L2015-07-13,2015,2015-07-13,пн,Россия,Москва,,бард-клуб "Гнездо глухаря",,false,false,премьера,текст
L2015-07-09,2015,2015-07-09,чт,Россия,Москва,,клуб-магазин "Гиперион",,false,false,2 премьеры
L2015-05-24,2015,2015-05-24,вс,США,Stony Brook (Long Island),NY,,,false,false,
L2015-05-23,2015,2015-05-23,сб,США,Fair Lawn,NJ,,false,false,второй акт -- скрипка и гитара
L2015-05-17,2015,2015-05-17,вс,Россия,Москва,,бард-клуб "Гнездо глухаря" (малый зал),,false,false,
L2015-04-28,2015,2015-04-28,вт,Россия,Москва,,бард-клуб "Гнездо глухаря",,true,false,
L2015-04-25,2015,2015-04-25,сб,Россия,Москва,,клуб-магазин "Гиперион",,true,false,
L2015-04-15,2015,2015-04-15,ср,Россия,Москва,,ЦАП,,false,false,
L2015-03-31,2015,2015-03-31,вт,Россия,Москва,,бард-клуб "Гнездо глухаря" (малый зал),,false,false,
L2015-03-02,2015,2015-03-02,пн,Россия,Москва,,бард-клуб "Гнездо глухаря",,false,false,2 премьеры
L2015-02-08,2015,2015-02-08,вс,Россия,Москва,,клуб-магазин "Гиперион",,false,false,2 премьеры
L2015-01-12,2015,2015-01-12,пн,Россия,Москва,,бард-клуб "Гнездо глухаря",,false,false,
L2014-11-09,2014,2014-11-09,вс,США,Mountain Brook,Al,,,false,false,
L2014-11-07,2014,2014-11-07,пт,США,Philadelphia,PA,магазин "Книжник",,false,false,
L2014-11-01,2014,2014-11-01,сб,США,Boston,MA,,,false,false,
L2014-10-31,2014,2014-10-31,пт,США,Princeton,NJ,,,false,false,
L2014-10-27,2014,2014-10-27,пн,Россия,Москва,,бард-клуб "Гнездо глухаря",,false,false,текст
L2014-10-11,2014,2014-10-11,сб,Россия,Москва,,коттеджный поселок "ВауТутинки",,false,false,
L2014-10-07,2014,2014-10-07,вт,Россия,Москва,,бард-клуб "Гнездо глухаря",,true,false,
L2014-09-27,2014,2014-09-27,сб,Россия,Москва,,клуб-магазин "Гиперион",,false,false,3 премьеры
L2014-08-29,2014,2014-08-29,пт,Россия,Москва,,бард-клуб "Гнездо глухаря",,false,false,
L2014-07-26,2014,2014-07-26,сб,Казахстан,Астана,,фестиваль авторской песни,,false,false,
L2014-06-30,2014,2014-06-30,пн,Россия,Москва,,бард-клуб "Гнездо глухаря",,false,false,
L2014-06-08,2014,2014-06-08,вс,США,Irvine,CA,домашний концерт у А. Кискачи,,false,false,
L2014-06-06,2014,2014-06-06,пт,США,Minneapolis,MN,,,false,false,
L2014-06-02,2014,2014-06-02,пн,США,Chicago,IL,,,false,false,
L2014-06-01,2014,2014-06-01,вс,США,Carmel,IN,,,false,false,
L2014-05-31,2014,2014-05-31,сб,США,Ann Arbor,MI,,,false,false,
L2014-05-29,2014,2014-05-29,чт,США,Cleveland,OH,,,false,false,
L2014-05-27,2014,2014-05-27,вт,США,Fair Lawn,NJ,,,false,false,второй акт -- скрипка и гитара
L2014-05-20,2014,2014-05-20,вт,Россия,Москва,,бард-клуб "Гнездо глухаря" (малый зал),,false,false,2 премьеры
L2014-04-27,2014,2014-04-27,вс,Россия,Москва,,клуб-магазин "Гиперион",,false,false,
L2014-04-21,2014,2014-04-21,пн,Россия,Москва,,бард-клуб "Гнездо глухаря",,true,false,
L2014-03-29,2014,2014-03-29,сб,Ирландия,Дублин,,Тринити Колледж,,false,false,
L2014-03-03,2014,2014-03-03,пн,Россия,Москва,,бард-клуб "Гнездо глухаря",,false,false,
L2014-01-12,2014,2014-01-12,вс,Россия,Москва,,бард-клуб "Гнездо глухаря",,false,false,
L2013-12-09,2013,2013-12-09,пн,Россия,Москва,,бард-клуб "Гнездо глухаря",,false,false,премьера
L2013-11-15,2013,2013-11-15,пт,Израиль,Гиватаим,,"Театр Гиватаим",,false,false,
L2013-11-14,2013,2013-11-14,чт,Израиль,Хайфа,,зал "Бейтену",,false,false,
L2013-11-13,2013,2013-11-13,ср,Израиль,Иерусалим,,зал "Гармония",,false,false,
L2013-10-23,2013,2013-10-23,ср,Россия,Москва,,бард-клуб "Гнездо глухаря",,false,false,
L2013-10-19,2013,2013-10-19,сб,Россия,Оренбург,,Областной театр кукол,,false,false,
L2013-10-07,2013,2013-10-07,пн,Беларусь,Минск,,КЗ "Минск" (малый зал),,true,false,
L2013-10-03,2013,2013-10-03,чт,Беларусь,Минск,,КЗ "Минск" (малый зал),,false,false,
L2013-09-30,2013,2013-09-30,пн,Россия,Москва,,бард-клуб "Гнездо глухаря",,true,false,
L2013-09-14,2013,2013-09-14,сб,Германия,Мюнхен,,,false,false,
L2013-09-13,2013,2013-09-13,пт,Германия,Карлсруэ,,Internationales Begegnungs Zentrum,,false,false,
L2013-09-11,2013,2013-09-11,ср,Швейцария,Женева,,Uni-Bastions,,false,false,
L2013-09-08,2013,2013-09-08,вс,Германия,Дортмунд,,,false,false,
L2013-09-07,2013,2013-09-07,сб,Германия,Ганновер,,,false,false,
L2013-09-01,2013,2013-09-01,вс,Германия,Марбург,,,false,false,
L2013-08-20,2013,2013-08-20,вт,Россия,Москва,,бард-клуб "Гнездо глухаря",,false,false,
L2013-06-03,2013,2013-06-03,пн,Россия,Москва,,бард-клуб "Гнездо глухаря",,false,false,
L2013-04-28,2013,2013-04-28,вс,Россия,Москва,,бард-клуб "Гнездо глухаря",,true,false,
L2013-04-12,2013,2013-04-12,пт,Россия,Москва,,РГДБ,,false,false,
L2013-03-22,2013,2013-03-22,пт,США,Mountain View,CA,Samovar Hall,,false,false,
L2013-03-17,2013,2013-03-17,вс,США,San Diego,CA,,,false,false,
L2013-03-09,2013,2013-03-09,сб,США,Houston,TX,,,false,false,
L2013-03-06,2013,2013-03-06,ср,США,Atlanta,GA,,,false,false,
L2013-03-05,2013,2013-03-05,вт,США,Chapel Hill,NC,,,false,false,
L2013-03-03,2013,2013-03-03,вс,США,Stamford,CT,,,false,false,
L2013-03-02,2013,2013-03-02,сб,США,Boston,MA,,,false,false,
L2013-02-25,2013,2013-02-25,пн,Россия,Москва,,бард-клуб "Гнездо глухаря",,false,false,премьера
L2013-01-09,2013,2013-01-09,ср,Россия,Москва,,бард-клуб "Гнездо глухаря",,false,false,2 премьеры
L2012-12-02,2012,2012-12-02,вс,США,Los Angeles,CA,,,false,false,
L2012-11-17,2012,2012-11-17,сб,США,Kensington,MD,,,false,false,
L2012-11-16,2012,2012-11-16,пт,США,Philadelphia,PA,,,false,false,
L2012-11-11,2012,2012-11-11,вс,США,Princeton,NJ,Henry F.Pannell Learning Center,,false,false,
L2012-11-10,2012,2012-11-10,сб,США,Morristown,NJ,,,false,false,
L2012-11-09,2012,2012-11-09,пт,США,Manhattan,NY,,,false,false,
L2012-11-01,2012,2012-11-01,чт,Россия,Москва,,бард-клуб "Гнездо глухаря",,true,false,
L2012-10-20,2012,2012-10-20,сб,Казахстан,Астана,,,false,false,
L2012-10-13,2012,2012-10-13,сб,Беларусь,Минск,,домашний концерт у И. и А. Горбач,,false,false,
L2012-10-01,2012,2012-10-01,пн,Россия,Москва,,бард-клуб "Гнездо глухаря",,false,false,
L2012-09-22,2012,2012-09-22,сб,Украина,Днепропетровск,,,,false,false,
L2012-09-20,2012,2012-09-20,чт,Украина,Харьков,,,,false,false,
L2012-09-16,2012,2012-09-16,вс,Украина,Киев,,"Шоколадный дом",,false,false,
L2012-08-03,2012,2012-08-03,пт,Россия,Москва,,бард-клуб "Гнездо глухаря",,false,false,
L2012-07-07,2012,2012-07-07,сб,Россия,Мастрюковские озёра,Самарская обл.,фестиваль "Платформа-2012",,false,false,
L2012-06-03,2012,2012-06-03,вс,Россия,Москва,,бард-клуб "Гнездо глухаря",,true,true,
L2012-05-13,2012,2012-05-13,вс,Россия,Москва,,бард-клуб "Гнездо глухаря",,false,false,
L2012-04-29,2012,2012-04-29,вс,Россия,Москва,,арт-кафе театра "Буфф",,false,false,премьера
L2012-03-30,2012,2012-03-30,пт,Россия,Санкт-Петербург,,КЗ "У Финляндского",,false,false,премьера
L2012-03-19,2012,2012-03-19,пн,Россия,Москва,,бард-клуб "Гнездо глухаря",,false,false,премьера
L2012-02-19,2012,2012-02-19,вс,США,Mountain View,CA,Samovar Hall,,false,false,премьра
L2012-02-05,2012,2012-02-05,вс,Россия,Москва,,арт-кафе театра "Буфф",,false,false,
L2012-01-09,2012,2012-01-09,пн,Россия,Москва,,бард-клуб "Гнездо глухаря",,false,false,
L2011-12-11,2011,2011-12-11,вс,Россия,Москва,,Тургеневская библиотека,,false,false,
L2011-11-26,2011,2011-11-26,сб,Россия,Москва,,Планетарий КЦ ВС РФ,,false,false,
L2011-11-08,2011,2011-11-08,вт,Россия,Москва,,бард-клуб "Гнездо глухаря",,true,false,
L2011-10-17,2011,2011-10-17,пн,Россия,Москва,,бард-клуб "Гнездо глухаря",,false,false,
L2011-09-11,2011,2011-09-11,вс,Украина,Одесса,,ДК медработников,,false,false,
L2011-06-09,2011,2011-06-09,чт,Россия,Москва,,бард-клуб "Гнездо глухаря",,false,false,
L2011-06-03,2011,2011-06-03,пт,Россия,Санкт-Петербург,,КЗ "У Финляндского",,false,false,
L2011-05-13,2011,2011-05-13,пт,Украина,Киев,,"Шоколадный дом",,false,false,
L2011-03-20,2011,2011-03-20,вс,США,Boston,MA,,,false,false,
L2011-03-19,2011,2011-03-19,сб,США,Valley Stream,NY,клуб "ZUS",,false,false,
L2011-03-18,2011,2011-03-18,пт,США,Upper Saddle River,NJ,,,false,false,
L2011-03-13,2011,2011-03-13,вс,США,Madison,WI,,,false,false,
L2011-03-12,2011,2011-03-12,сб,США,Chicago,IL,,,false,false,
L2011-03-11,2011,2011-03-11,пт,США,Cleveland,OH,,,false,false,
L2011-03-09,2011,2011-03-09,ср,США,Pittsburgh,PA,,,false,false,
L2011-02-28,2011,2011-02-28,пн,Россия,Москва,,домашний концерт у В. Палта,,false,false,3 премьеры
L2011-02-11,2011,2011-02-11,пт,Россия,Санкт-Петербург,,КЗ "У Финляндского",,true,true,премьера
L2010-12-18,2010,2010-12-18,сб,США,Mountain View,CA,Samovar Hall,,false,false,
L2010-12-12,2010,2010-12-12,вс,США,Ann Arbor,MI,,,false,false,
L2010-11-30,2010,2010-11-30,вт,США,Rochester,NY,,,false,false,
L2010-10-19,2010,2010-10-19,вт,Беларусь,Минск,,кафе-клуб "Лисья нора",,false,false,
L2010-10-16,2010,2010-10-16,сб,Израиль,,Бат-Ям,Концертный зал "Гейхал-а-Тарбут",,false,false,
L2010-10-14,2010,2010-10-14,чт,Израиль,,Хайфа,зал "Бейтену",,false,false,
L2010-10-13,2010,2010-10-13,ср,Израиль,,Иерусалим,Культурный центр - зал "Гармония",,false,false,
L2010-09-18,2010,2010-09-18,сб,Украина,Киев,,Республиканский Дом актёра,,false,false,
L2010-05-30,2010,2010-05-30,вс,Россия,Санкт-Петербург,,КЗ "У Финляндского",,false,false,
L2010-05-22,2010,2010-05-22,сб,Россия,Москва,,ЦДЖ,,false,false,премьера
L2010-04-25,2010,2010-04-25,вс,Россия,Москва,,ЦДХ,,false,false,
L2010-03-06,2010,2010-03-06,сб,Россия,Москва,,ЦДЖ,,true,true,
L2010-02-28,2010,2010-02-28,вс,Россия,Москва,,Культурный центр ДОМ,,false,false,
L2010-01-30,2010,2010-01-30,сб,Россия,Москва,,ЦДЖ,,true,false,
L2009-12-18,2009,2009-12-18,пт,Россия,Москва,,Политехнический музей,,false,false,
L2009-11-21,2009,2009-11-21,сб,США,North Brunswick,NJ,,,false,false,
L2009-11-14,2009,2009-11-14,сб,США,Los Angeles,CA,Parc Tarzana,,false,false,
L2009-11-08,2009,2009-11-08,вс,США,Fair Lawn,NJ,,,false,false,
L2009-11-07,2009,2009-11-07,сб,США,Boston,MA,,,false,false,
L2009-11-05,2009,2009-11-05,чт,США,Washington,DC,домашний концерт,,false,false,
L2009-11-01,2009,2009-11-01,вс,США,Brooklyn,NY,,,false,false,
L2009-10-18,2009,2009-10-18,вс,Россия,Москва,,ЦДЖ,,false,false,премьера
L2009-06-21,2009,2009-06-21,вс,Россия,Москва,,ЦДЖ,,false,false,2 премьеры
L2009-05-29,2009,2009-05-29,пт,Россия,Санкт-Петербург,,КЗ "У Финляндского",,true,true,
L2009-05-16,2009,2009-05-16,сб,Россия,Москва,,ЦДЖ,,true,false,"Песни 21-го века"
L2009-04-11,2009,2009-04-11,сб,Россия,Москва,,ЦДЖ,,false,false,"Песни 90-х"
L2009-03-14,2009,2009-03-14,сб,Россия,Москва,,ЦДЖ,,true,true,"Песни 80-х"
L2009-02-22,2009,2009-02-22,вс,Россия,Москва,,ЦДЖ,,true,true,дуэт (гитара; клавиши) "Песни 80-х"
L2008-12-26,2008,2008-12-26,пт,Россия,Москва,,ЦДЖ,,false,false,2 премьеры
L2008-11-08,2008,2008-11-08,сб,Россия,Москва,,ЦДЖ,,true,true,
L2008-10-25,2008,2008-10-25,сб,Россия,Москва,,ЦДЖ,,true,true,премьера
L2008-09-28,2008,2008-09-28,вс,Россия,Москва,,ЦДЖ,,false,false,
L2008-09-19,2008,2008-09-19,пт,США,Cleveland,OH,,,false,false,
L2008-09-14,2008,2008-09-14,вс,США,Brooklyn,NY,,,false,false,
L2008-06-15,2008,2008-06-15,вс,Россия,Москва,,ЦДЖ,,true,false,
L2008-06-13,2008,2008-06-13,пт,Россия,Москва,,ЦДЖ,,false,false,
L2008-06-04,2008,2008-06-04,ср,Россия,Санкт-Петербург,,Театр эстрады имени А. Райкина,,false,false,
L2008-05-17,2008,2008-05-17,сб,Россия,Москва,,ЦДЖ,,false,false,"Песни 21-го века премьера"
L2008-04-15,2008,2008-04-15,вт,Россия,Москва,,ЦДЖ,,false,false,Чтобы помнили - памяти Любы Захарченко
L2008-04-05,2008,2008-04-05,сб,Россия,Москва,,ЦДЖ,,false,false,"Песни 90-х"
L2008-03-16,2008,2008-03-16,вс,Россия,Москва,,ЦДЖ,,true,false,"Песни 80-х"
L2008-02-29,2008,2008-02-29,пт,Россия,Москва,,ЦДЖ,,true,false,
L2008-02-09,2008,2008-02-09,сб,США,San Diego,CA,,,false,false,
L2008-02-08,2008,2008-02-08,пт,США,Cupertino,CA,De Anza College,,false,false,
L2008-02-06,2008,2008-02-06,ср,США,Boston,MA,,,false,false,
L2008-01-26,2008,2008-01-26,сб,США,Morristown,NJ,домашний концерт у Г. Фельдмана,,false,false,
L2008-01-20,2008,2008-01-20,вс,Россия,Москва,,ЦДЖ,,false,false,
L2007-12-08,2007,2007-12-08,сб,Россия,Москва,,Филипповская школа,,false,false,
L2007-12-01,2007,2007-12-01,сб,Россия,Москва,,ЦДЖ,,false,false,
L2007-10-27,2007,2007-10-27,сб,Россия,Москва,,ЦДЖ,,true,false,второй акт -- дуэт; 4 премьеры
L2007-09-23,2007,2007-09-23,вс,Россия,Москва,,ЦДЖ,,false,false,
L2007-07-06,2007,2007-07-06,пт,Россия,Москва,,домашний концерт у Кушлянской,,false,false,
L2007-05-26,2007,2007-05-26,сб,Россия,Москва,,ЦДЖ,,true,false,второй акт -- дуэт
L2007-04-13,2007,2007-04-13,пт,Россия,Москва,,ЦДЖ,,false,false,
L2007-03-25,2007,2007-03-25,вс,Россия,Москва,,ЦДЖ,,true,false,"Песни 21-го века"
L2007-03-02,2007,2007-03-02,пт,Россия,Санкт-Петербург,,Театр эстрады имени А. Райкина,,false,false,
L2007-02-25,2007,2007-02-25,вс,Россия,Москва,,ЦДЖ,,true,false,
L2007-01-26,2007,2007-01-26,пт,Россия,Москва,,ЦДЖ,,false,false,
L2007-01-15,2007,2007-01-15,пн,Беларусь,Минск,,ДК Ветеранов,,false,false,
L2006-12-08,2006,2006-12-08,пт,Россия,Москва,,ЦДЖ,,false,false,2 премьеры
L2006-12-02,2006,2006-12-02,сб,Россия,Москва,,МГУ - клуб "Казематы",,false,false,
L2006-11-18,2006,2006-11-18,сб,Россия,Москва,,ЦДЖ,,true,false,
L2006-10-28,2006,2006-10-28,сб,США,Gaithersburg,MD,,,false,false,
L2006-10-27,2006,2006-10-27,пт,США,Philadelphia,PA,,,false,false,
L2006-10-22,2006,2006-10-22,вс,США,Brooklyn,NY,,,false,false,
L2006-10-21,2006,2006-10-21,сб,США,Fair Lawn,NJ,,,false,false,
L2006-10-13,2006,2006-10-13,пт,Россия,Москва,,ЦДЖ,,false,false,"Песни 21-го века"
L2006-09-29,2006,2006-09-29,пт,Россия,Москва,,ЦДЖ,,false,false,
L2006-07-08,2006,2006-07-08,сб,Россия,Москва,,домашний концерт у Ю. Шапиро,,false,false,
L2006-06-23,2006,2006-06-23,пт,Россия,Москва,,ЦДЖ,,true,false,3 премьеры второй акт -- дуэт
L2006-06-05,2006,2006-06-05,пн,Россия,Санкт-Петербург,,Театр эстрады имени А. Райкина,,false,false,
L2006-05-19,2006,2006-05-19,пт,Россия,Москва,,ЦДЖ,,false,false,
L2006-05-06,2006,2006-05-06,сб,Украина,Киев,,Центральный Дом офицеров,,false,false,
L2006-04-14,2006,2006-04-14,пт,Россия,Москва,,ЦДЖ,,false,false,
L2006-03-31,2006,2006-03-31,пт,Россия,Москва,,ЦДЖ,,true,false,
L2006-03-12,2006,2006-03-12,вс,США,Los Angeles,CA,,,false,false,
L2006-03-11,2006,2006-03-11,сб,США,Irvine,CA,домашний концерт у А. Кискачи,,false,false,
L2006-03-04,2006,2006-03-04,сб,США,Palo Alto,CA,,,false,false,
L2006-02-24,2006,2006-02-24,пт,Россия,Москва,,ЦДЖ,,true,false,презентация "Райцентр"
L2006-01-15,2006,2006-01-15,вс,Россия,Москва,,ЦДЖ,,false,false,
L2005-12-26,2005,2005-12-26,пн,Россия,Москва,,ЦДЛ,,false,false,
L2005-12-10,2005,2005-12-10,сб,Россия,Москва,,ЦДЖ,,false,false,
L2005-11-10,2005,2005-11-10,чт,Россия,Москва,,ЦДЛ,,false,false,концерт Лидии Чебоксаровой в первом акте
L2005-10-22,2005,2005-10-22,сб,Россия,Москва,,ЦДРИ,,false,false,премьера
L2005-10-20,2005,2005-10-20,чт,Беларусь,Минск,,ДК Ветеранов,,false,false,2 премьеры,текст
L2005-05-29,2005,2005-05-29,вс,Россия,Москва,,бард-клуб "Гнездо глухаря",,false,false,
L2005-05-22,2005,2005-05-22,вс,США,Brooklyn,NY,,,false,false,
L2005-05-20,2005,2005-05-20,пт,США,Philadelphia,PA,,,false,false,
L2005-04-30,2005,2005-04-30,сб,Россия,Москва,,ЦДРИ (каминный зал),,false,false,
L2005-04-12,2005,2005-04-12,вт,Россия,Москва,,бард-клуб "Шале",,false,false,
L2005-03-23,2005,2005-03-23,ср,Россия,Москва,,рест. "Золотой дракон" - клуб "Бард-ретро",,юб. Медведенко
L2005-03-19,2005,2005-03-19,сб,Россия,Санкт-Петербург,,КЗ "У Финляндского",,false,false,
L2005-03-06,2005,2005-03-06,вс,Россия,Москва,,домашний концерт у Ю. Шапиро,,false,false,
L2005-02-05,2005,2005-02-05,сб,Россия,Москва,,бард-клуб "Гнездо глухаря",,false,false,
L2004-12-22,2004,2004-12-22,ср,Россия,Москва,,ДК МГУ (большой зал),,false,false,"Опять Париж"
L2004-11-26,2004,2004-11-26,пт,Россия,Москва,,Политех,,true,false,4 премьеры; второй акт -- дуэт
L2004-11-08,2004,2004-11-08,пн,Россия,Жуковский,Московская обл.,Дом учёных - ЦАГИ,,false,false,
L2004-11-06,2004,2004-11-06,сб,Россия,Казань,,КДК имени В.И. Ленина - фестиваль "Зиланткон",,false,false,
L2004-09-22,2004,2004-09-22,ср,Россия,Москва,,бард-клуб "Шале",,false,false,
L2004-05-21,2004,2004-05-21,пт,Россия,Санкт-Петербург,,КЗ "У Финляндского",,false,false,
L2004-05-06,2004,2004-05-06,чт,Украина,Киев,,Дом Учителя,,false,false,
L2004-04-22,2004,2004-04-22,чт,Россия,Москва,,Политехнический музей,,true,false,3 премьеры
L2004-04-18,2004,2004-04-18,вс,Россия,Москва,,домашний концерт у В. Палта,,true,false,
L2004-04-17,2004,2004-04-17,сб,Россия,Москва,,домашний концерт у Ю. Шапиро,,false,false,
L2004-02-12,2004,2004-02-12,чт,Россия,Москва,,ЦАП,,false,false,премьера
L2004-01-29,2004,2004-01-29,чт,Израиль,Тель-Авив,,зал "Бейт Овед",,false,false,
L2004-01-28,2004,2004-01-28,ср,Израиль,Нес-Циона,,домашний концерт,,false,false,
L2004-01-24,2004,2004-01-24,сб,Израиль,Хайфа,,Культурный центр "Beit Aba Khushi",,false,false,
L2004-01-22,2004,2004-01-22,чт,Израиль,Иерусалим,,,false,false,
L2003-10-31,2003,2003-10-31,пт,Россия,Москва,,Политехнический музей,,false,false,премьера
L2003-10-29,2003,2003-10-29,ср,Россия,Москва,,домашний концерт у В. Палта,,false,false,премьера
L2003-10-03,2003,2003-10-03,пт,Россия,Москва,,Филипповская школа,,false,false,
L2003-06-08,2003,2003-06-08,вс,США,Los Angeles,CA,,,false,false,
L2003-06-07,2003,2003-06-07,сб,США,San Diego,CA,,,false,false,
L2003-06-06,2003,2003-06-06,пт,США,Irvine,CA,,,false,false,
L2003-05-31,2003,2003-05-31,сб,США,Sacramento,CA,,,false,false,
L2003-05-30,2003,2003-05-30,пт,США,Palo Alto,CA,Cubberley Community Centre,,false,false,
L2003-05-18,2003,2003-05-18,вс,США,Saint Louis,MO,,false,false,
L2003-05-17,2003,2003-05-17,сб,США,Chicago,IL,ORT Technical Institute,,false,false,
L2003-05-16,2003,2003-05-16,пт,США,Milwaukee,WI,,,false,false,
L2003-05-15,2003,2003-05-15,чт,США,Detroit,MI,,,false,false,
L2003-05-13,2003,2003-05-13,вт,США,Cleveland,OH,,,false,false,
L2003-05-11,2003,2003-05-11,вс,США,Ithaca,NY,Cornell Univercity,,false,false,
L2003-05-10,2003,2003-05-10,сб,США,Pittsburgh,PA,,,false,false,
L2003-05-09,2003,2003-05-09,пт,США,Gaithersburg,MD,Londonderry Apartments,,false,false,
L2003-05-07,2003,2003-05-07,ср,США,New York,NY,,,false,false,
L2003-05-06,2003,2003-05-06,вт,США,Fair Lawn,NJ,,,false,false,
L2003-05-05,2003,2003-05-05,пн,США,Princeton,NJ,,,false,false,
L2003-05-04,2003,2003-05-04,вс,США,New York,NY,,,false,false,
L2003-05-03,2003,2003-05-03,сб,США,Baltimore,MD,,,false,false,
L2003-05-02,2003,2003-05-02,пт,США,Philadelphia,PA,магазин "Книжник",,false,false,
L2003-04-30,2003,2003-04-30,сб,США,Boston,MA,Temple Israel,,false,false,
L2003-04-27,2003,2003-04-27,вс,США,Hartford,CT,,false,false,
L2003-04-26,2003,2003-04-26,сб,США,Boston,MA,Temple Israel,,false,false,
L2003-04-25,2003,2003-04-25,пт,США,Stamford,CT,,false,false,
L2003-04-24,2003,2003-04-24,чт,США,Morristown,NJ,,false,false,
L2003-03-14,2003,2003-03-14,пт,Россия,Санкт-Петербург,,КЗ "У Финляндского",,false,false,Щербаков и Ким
L2003-03-13,2003,2003-03-13,чт,Россия,Санкт-Петербург,,КЗ "У Финляндского",,false,false,Ким и Щербаков
L2003-03-09,2003,2003-03-09,вс,Россия,Москва,,Политехнический музей,,true,false,второй акт -- дуэт
L2003-03-02,2003,2003-03-02,вс,,,,домашний концерт,,false,false,4 премьеры
L2002-12-01,2002,2002-12-01,вс,Россия,Москва,,Политех,,false,false,Чтобы помнили - памяти Наташи Юфтяевой
L2002-11-15,2002,2002-11-15,пт,Россия,Москва,,Политехнический музей,,true,false,2 премьеры
L2002-05-12,2002,2002-05-12,вс,Украина,Киев,,Музыкальный театр,,false,false,
L2002-04-21,2002,2002-04-21,вс,Россия,Санкт-Петербург,,КЗ "У Финляндского",,false,false,
L2002-04-07,2002,2002-04-07,вс,Украина,Харьков,,,false,false,
L2002-04-12,2002,2002-04-12,пт,,,,,false,false,
L2002-04-05,2002,2002-04-05,пт,Днепропетровск,,Дворец национального университета,,false,false,
L2002-03-29,2002,2002-03-29,пт,Россия,Москва,,Политехнический музей,,true,false,
L2002-01-20,2002,2002-01-20,вс,США,Palo Alto,СА,JCC,,false,false,
L2001-10-22,2001,2001-10-22,пн,Россия,Москва,,Политехнический музей,,false,false,
L2001-10-21,2001,2001-10-21,вс,Россия,Москва,,домашний концерт у В. Палта,,false,false,4 премьеры
L2001-05-27,2001,2001-05-27,вс,США,Seattle,WA,,,false,false,
L2001-05-25,2001,2001-05-25,пт,США,Palo Alto,CA,домашний концерт,,false,false,
L2001-05-22,2001,2001-05-22,вт,США,Denver,CO,,,false,false,
L2001-05-20,2001,2001-05-20,вс,США,Cleveland,OH,,,false,false,
L2001-05-19,2001,2001-05-19,сб,США,Chicago,IL,,,false,false,
L2001-05-18,2001,2001-05-18,пт,США,Detroit,MI,,,false,false,
L2001-05-13,2001,2001-05-13,вс,США,Boston,MA,,,false,false,
L2001-05-06,2001,2001-05-06,вс,США,New York,NY,,,false,false,
L2001-05-04,2001,2001-05-04,пт,США,Ringwood,NJ,,,false,false,2 премьеры
L2001-02-17,2001,2001-02-17,сб,Россия,Санкт-Петербург,,ЛКЗ,,false,false,премьера
L2001-02-03,2001,2001-02-03,сб,Протвино,Московская обл.,,,false,false,
L2000-12-22,2000,2000-12-22,пт,Россия,Москва,,Политехнический музей,,false,false,премьера
L2000-12-02,2000,2000-12-02,пт,Беларусь,Минск,,ДК Ветеранов,,false,false,премьера
L2000-10-26,2000,2000-10-26,чт,Россия,Москва,,ЦАТ,,true,false,премьера; во втором акте -- дуэт
L2000-10-25,2000,2000-10-25,ср,Россия,Москва,,ЦАТ,,true,false,3 премьеры; во втором акте -- дуэт
L2000-06-22,2000,2000-06-22,чт,Франция,Париж,,,,false,false,
L2000-06-17,2000,2000-06-17,сб,Германия,Франкфурт на Майне,,,,false,false,
L2000-06-16,2000,2000-06-16,пт,Германия,Вупперталь,,,,false,false,
L2000-06-14,2000,2000-06-14,ср,Германия,Ганновер,,,,false,false,
L2000-06-12,2000,2000-06-12,пн,Германия,Берлин,,Club Voltaire,,false,false,
L2000-06-11,2000,2000-06-11,вс,Германия,Нюрнберг,,,,false,false,
L2000-06-10,2000,2000-06-10,сб,Германия,Мюнхен,,,,false,false,
L2000-05-24,2000,2000-05-24,ср,Россия,Москва,,ЦАТ,,false,false,
L2000-05-19,2000,2000-05-19,пт,Россия,Санкт-Петербург,,КЗ "У Финляндского",,false,false,
L2000-05-13,2000,2000-05-13,сб,Украина,Киев,,Дом Учителя,,false,false,
L2000-02-17,2000,2000-02-17,чт,Израиль,,Тель-Авив,,false,false,
L2000-02-16,2000,2000-02-16,ср,Израиль,,Хайфа,,false,false,
L2000-02-11,2000,2000-02-11,пт,Израиль,,Беер-Шева,,false,false,
L2000-02-02,2000,2000-02-02,ср,Россия,Москва,,ЦАТ,,true,false,текст
L1999-11-25,1999,1999-11-25,чт,Россия,Москва,,ЦАТ,,false,false,благотворительный Юлию Киму; премьера
L1999-10-29,1999,1999-10-29,пт,США,Los Angeles,CA,Hollywood,,false,false,
L1999-10-17,1999,1999-10-17,вс,США,Palo Alto,CA,JCC,,false,false,
L1999-10-15,1999,1999-10-15,пт,США,Chicago,IL,,,false,false,
L1999-10-08,1999,1999-10-08,пт,Канада,Toronto,,York Woods Library Theatre,,false,false,
L1999-10-06,1999,1999-10-06,ср,США,Washington,DC,,,false,false,
L1999-10-04,1999,1999-10-04,пн,США,Brooklyn,NY,,,false,false,
L1999-10-02,1999,1999-10-02,сб,США,New York,NY,,,false,false,
L1999-09-21,1999,1999-09-21,вт,Россия,Санкт-Петербург,,ЛКЗ,,false,false,
L1999-09-20,1999,1999-09-20,пн,Россия,Москва,,Политехнический музей,,false,false,
L1999-07-25,1999,1999-07-25,вс,Россия,Москва,,домашний концерт у Л. Блехера,,false,false,2 премьеры
L1999-05-30,1999,1999-05-30,вс,Россия,Москва,,домашний концерт у Л. Блехера,,false,false,
L1999-05-29,1999,1999-05-29,сб,Россия,Москва,,домашний концерт у Ю. Шапиро,,false,false,премьера
L1999-05-15,1999,1999-05-15,сб,Украина,Киев,,,,false,false,
L1999-04-26,1999,1999-04-26,пн,Ростов-на-Дону,Дом офицеров - фестиваль "Ростовский фонарь",,false,false,
L1999-04-23,1999,1999-04-23,пт,Россия,Москва,,Политехнический музей,,true,false,второй акт -- дуэт
L1999-04-17,1999,1999-04-17,сб,Россия,Санкт-Петербург,,ЛКЗ,,false,false,
L1999-04-09,1999,1999-04-09,пт,Россия,Екатеринбург,,,,false,false,
L1999-03-26,1999,1999-03-26,пт,Россия,Москва,,ЦАТ,,true,false,2 премьеры
L1999-02-20,1999,1999-02-20,сб,Россия,Москва,,театр "Перекрёсток",,false,false,
L1998-12-12,1998,1998-12-12,сб,Россия,Москва,,домашний концерт у Л. Блехера,,false,false,премьера
L1998-12-11,1998,1998-12-11,пт,Россия,Москва,,Олимпийская деревня,,false,false,
L1998-11-22,1998,1998-11-22,вс,Россия,Тверь,,,,false,false,
L1998-11-21,1998,1998-11-21,сб,Россия,Санкт-Петербург,,ЛКЗ,,false,false,
L1998-11-20,1998,1998-11-20,пт,Россия,Москва,,Политехнический музей,,false,false,2 премьеры
L1998-11-13,1998,1998-11-13,пт,Беларусь,Минск,,ДК Ветеранов,,false,false,
L1998-10-01,1998,1998-10-01,чт,Россия,Москва,,ЦАТ,,false,false,2 премьеры
L1998-05-21,1998,1998-05-21,чт,Россия,Москва,,ЦАТ,,false,false,
L1998-05-07,1998,1998-05-07,чт,Россия,Москва,,ЦДХ,,false,false,
L1998-04-26,1998,1998-04-26,вс,Россия,Санкт-Петербург,,ЛКЗ,,false,false,
L1998-02-15,1998,1998-02-15,вс,Израиль,Хайфа,,,,false,false,
L1998-02-06,1998,1998-02-06,пт,Россия,Москва,,Политехнический музей,,false,false,2 премьеры
L1998-01-25,1998,1998-01-25,вс,Россия,Новосибирск,,Академгородок,,false,false,
L1998-01-24,1998,1998-01-24,сб,Россия,Новосибирск,,,,false,false,
L1997-11-23,1997,1997-11-23,вс,Россия,Санкт-Петербург,,ЛКЗ,,true,false,
L1997-11-22,1997,1997-11-22,сб,Россия,Санкт-Петербург,,ЛКЗ,,false,false,
L1997-11-18,1997,1997-11-18,вт,Россия,Москва,,ЦДХ,,false,false,2 премьеры
L1997-10-26,1997,1997-10-26,вс,США,Los Angeles,CA,,,false,false,
L1997-10-25,1997,1997-10-25,сб,США,Palo Alto,CA,JCC,,false,false,
L1997-10-24,1997,1997-10-24,пт,США,San Francisco,CA,Luteran Church,,false,false,
L1997-10-22,1997,1997-10-22,ср,США,Seattle,WA,,false,false,
L1997-10-18,1997,1997-10-18,сб,США,Chicago,IL,,false,false,
L1997-10-15,1997,1997-10-15,ср,Канада,Toronto,,,,false,false,
L1997-10-14,1997,1997-10-14,вт,Канада,Montreal,,,,false,false,
L1997-10-11,1997,1997-10-11,сб,США,Boston,MA,,,false,false,
L1997-10-07,1997,1997-10-07,вт,США,Brooklyn,NY,,,false,false,
L1997-10-04,1997,1997-10-04,сб,США,Rockville,MD,,,false,false,
L1997-10-03,1997,1997-10-03,пт,США,Philadelphia,PA,,,false,false,
L1997-09-26,1997,1997-09-26,пт,Россия,Москва,,театр "Перекрёсток",,false,false,премьера
L1997-05-16,1997,1997-05-16,пт,Россия,Москва,,Олимпийская деревня,,false,false,премьера
L1997-04-24,1997,1997-04-24,чт,Россия,Зеленоград,Московская обл.,МИЭТ,,false,false,
L1997-04-11,1997,1997-04-11,пт,Россия,Москва,,ДК МГУ,,false,false,премьера
L1997-04-08,1997,1997-04-08,вт,Россия,Москва,,ЦДХ,,true,false,во втором акте -- дуэт
L1997-04-06,1997,1997-04-06,вc,Россия,Москва,,домашний концерт у Л. Блехера,,false,false,
L1997-04-05,1997,1997-04-05,сб,Россия,Санкт-Петербург,,ЛКЗ,,false,false,
L1997-02-07,1997,1997-02-07,пт,Россия,Москва,,Политехнический музей,,true,false,2 премьеры
L1997-01-17,1997,1997-01-17,пт,Россия,Москва,,Олимпийская деревня,,false,false,
L1997-01-09,1997,1997-01-09,чт,Россия,Москва,,ЦАТ,,false,false,
L1996-12-18,1996,1996-12-18,ср,Россия,Москва,,ЦДХ,,false,false,2 премьеры
L1996-12-11,1996,1996-12-11,ср,Россия,Москва,,театр "Перекрёсток",,false,false,
L1996-11-19,1996,1996-11-19,вт,Россия,Москва,,домашний концерт у Л. Блехера,,false,false,премьера
L1996-11-17,1996,1996-11-17,вс,Россия,Санкт-Петербург,,ДК пищевиков,клуб "Восток",,true,false,
L1996-11-16,1996,1996-11-16,сб,Россия,Санкт-Петербург,,ЛКЗ,,true,false,
L1996-11-09,1996,1996-11-09,сб,Россия,Москва,,домашний концерт у Ю. Шапиро,,true,false,
L1996-10-27,1996,1996-10-27,вс,Беларусь,Минск,,ДК Ветеранов,,false,false,
L1996-10-13,1996,1996-10-13,вс,Россия,Москва,,театр "Перекрёсток",,false,false,3 премьеры
L1996-10-04,1996,1996-10-04,вс,Россия,Москва,,Олимпийская деревня,,false,false,
L1996-07-14,1996,1996-07-14,вс,Россия,Москва,,домашний концерт у Л. Блехера,,false,false,
L1996-06-13,1996,1996-06-13,чт,Россия,Москва,,Олимпийская деревня,,false,false,премьера
L1996-06-09,1996,1996-06-09,вс,США,New York,NY,Temple Beth Abraham,,false,false,
L1996-06-08,1996,1996-06-08,сб,США,Stamford,CT,,,false,false,
L1996-06-02,1996,1996-06-02,вс,США,Boston,MA,,,false,false,
L1996-06-01,1996,1996-06-01,сб,США,Providence,RI,,,false,false,
L1996-05-22,1996,1996-05-22,ср,США,Austin,TX,,,false,false,
L1996-05-21,1996,1996-05-21,вт,США,Houston,TX,,,false,false,
L1996-05-19,1996,1996-05-19,вс,США,Hollywood,CA,,,false,false,
L1996-05-18,1996,1996-05-18,сб,США,Los Angeles,CA,,,false,false,
L1996-05-17,1996,1996-05-17,пт,США,San Diego,CA,,,false,false,
L1996-05-12,1996,1996-05-12,вс,США,Palo Alto,CA,,,false,false,
L1996-05-11,1996,1996-05-11,сб,США,San Francisco,CA,,,false,false,
L1996-05-10,1996,1996-05-10,пт,США,Pittsburgh,PA,,,false,false,
L1996-05-08,1996,1996-05-08,ср,США,Raleigh,NC,,,false,false,
L1996-05-07,1996,1996-05-07,вт,США,Chapel Hill,NC,,,false,false,
L1996-05-05,1996,1996-05-05,вс,США,Baltimore,MD,,,false,false,
L1996-05-04,1996,1996-05-04,сб,США,Philadelphia,PA,,,false,false,
L1996-05-03,1996,1996-05-03,пт,США,Edgewater,NJ,,,false,false,
L1996-04-28,1996,1996-04-28,вс,Россия,Санкт-Петербург,,домашний концерт,,false,false,
L1996-04-xx,1996,1996-04,??,Израиль,,Нетания,,,,false,false,
L1996-04-26,1996,1996-04-26,пт,Израиль,Иерусалим,,,,false,false,
L1996-04-19,1996,1996-04-19,пт,Израиль,Иерусалим,,домашний концерт,,,false,false,
L1996-04-12,1996,1996-04-12,пт,Израиль,Хайфа,,КСП "Ковчег",,false,false,
L1996-04-11,1996,1996-04-11,чт,Израиль,Хайфа,,домашний концерт,,false,false,
L1996-03-21,1996,1996-03-21,чт,Россия,Москва,,МГУ,,false,false,
L1996-03-19,1996,1996-03-19,вт,Россия,Москва,,домашний концерт у Л. Блехера,,false,false,3 премьеры
L1996-02-10,1996,1996-02-10,сб,Россия,Москва,,ЦДХ,true,false,,премьера
L1996-01-12,1996,1996-01-12,пт,Россия,Москва,,Олимпийская деревня,,false,false,
L1995-12-08,1995,1995-12-08,пт,Россия,Долгопрудный,Московская обл.,МФТИ,,false,false,
L1995-12-07,1995,1995-12-07,чт,Россия,Москва,,ЦАП,,false,false,2 премьеры
L1995-11-26,1995,1995-11-26,вт,Россия,Москва,,домашний концерт у В. Альемского,,false,false,
L1995-11-21,1995,1995-11-21,вт,Россия,Москва,,ЦДХ,,false,false,
L1995-10-13,1995,1995-10-13,пт,Россия,Москва,,Олимпийская деревня,,false,false,
L1995-09-30,1995,1995-09-30,сб,Россия,Москва,,домашний концерт у Л. Блехера,,false,false,2 премьеры; текст
L1995-06-14,1995,1995-06-14,ср,Россия,Москва,,домашний концерт у Польских,,true,flase,дуэт (гитара; металлофон)
L1995-05-26,1995,1995-05-26,пт,Россия,Москва,,Олимпийская деревня,,false,false,премьера
L1995-04-18,1995,1995-04-18,вт,Россия,Москва,,ДК МГУ,,false,false,
L1995-04-14,1995,1995-04-14,пт,Россия,Москва,,домашний концерт у Л. Блехера,,false,false,2 премьеры
L1995-03-24,1995,1995-03-24,пт,Россия,Москва,,ЦДХ,true,false,,false,false,премьера
L1995-02-19,1995,1995-02-19,вс,Россия,Москва,,Олимпийская деревня,,вечерний,false,false,2 премьеры
L1995-02-19,1995,1995-02-19,вс,Россия,Москва,,Олимпийская деревня,девной,false,false,
L1995-01-26,1995,1995-01-26,чт,Россия,Москва,,фонд "Общественное Мнение",,false,false,
L1994-11-26,1994,1994-11-26,сб,Россия,Санкт-Петербург,,ЛКЗ,,false,false,премьера
L1994-11-25,1994,1994-11-25,пт,Россия,Санкт-Петербург,,ЛКЗ,,false,false,
L1994-11-11,1994,1994-11-11,пт,Россия,Долгопрудный,Московская обл.,МФТИ,,false,false,
L1994-10-31,1994,1994-10-31,пн,Россия,Москва,,ДК МЭИ,,false,false,
L1994-10-30,1994,1994-10-30,вс,Россия,Москва,,Олимпийская деревня,,false,false,2 премьеры
L1994-06-15,1994,1994-06-15,ср,Россия,Санкт-Петербург,,ЛКЗ,,false,false,
L1994-06-11,1994,1994-06-11,сб,Россия,Долгопрудный,Московская обл.,МФТИ,,false,false,
L1994-05-26,1994,1994-05-26,чт,Россия,Москва,,ДК МЭИ,,false,false,
L1994-05-24,1994,1994-05-24,вт,Россия,Москва,,Олимпийская деревня,,false,false,8 премьер
L1994-03-05,1994,1994-03-05,сб,Россия,Москва,,Олимпийская деревня,,false,false,премьера
L1994-02-25,1994,1994-02-25,пт,Россия,Москва,,ДК МЭИ,3 премьеры,,false,false,
L1994-02-24,1994,1994-02-24,чт,Россия,Самара,,ДК "Звезда",,false,false,
L1993-12-11,1993,1993-12-11,сб,Беларусь,Минск,,ДК Ветеранов,,false,false,
L1993-12-04,1993,1993-12-04,пт,Россия,Санкт-Петербург,,ДК пищевиков - клуб "Восток",,false,false,
L1993-12-03,1993,1993-12-03,чт,Россия,Москва,,МЭИ,,false,false,
L1993-11-xx,1993,1993-11,??,,,,домашний концерт,,false,false,2 премьеры
L1993-11-05,1993,1993-11-05,пт,Россия,Москва,,Олимпийская деревня,,false,false,
L1993-10-29,1993,1993-10-29,пт,Россия,Москва,,ДК МЭИ,,false,false,8 премьер
L1993-06-16,1993,1993-06-16,ср,Россия,Москва,,Олимпийская деревня,,false,false,
L1993-06-11,1993,1993-06-11,пт,Россия,Москва,,ДК МЭИ,,true,true,премьера
L1993-05-21,1993,1993-05-21,пт,Россия,Москва,,МЭИ,,false,false,5 премьер
L1993-02-27-2,1993,1993-02-27,сб,Россия,Москва,,Олимпийская деревня,вечерний,false,false,
L1993-02-27-1,1993,1993-02-27,сб,Россия,Москва,,Олимпийская деревня,дневной,false,false,
L1993-02-26,1993,1993-02-26,пт,Россия,Долгопрудный,Московская обл.,МФТИ,,false,false,премьера; стихи
L1993-01-22,1993,1993-01-22,пт,Россия,Москва,,ДК МЭИ,,true,false,дуэт (гитара и металлофон); премьера
L1993-01-15,1993,1993-01-15,пт,Россия,Москва,,Куст "Сокол",,false,false,
L1992-A,1992,,??,Россия,Москва,,Олимпийская деревня,,false,false,стихи
L1992-12-18,1992,1992-12-18,пт,Россия,Москва,,ДК МЭИ,,false,false,3 премьеры
L1992-12-05,1992,1992-12-05,сб,Беларусь,Минск,ДК Белсовпрофа,,false,false,
L1992-11-24,1992,1992-11-24,вт,Россия,Санкт-Петербург,,ЛКЗ,,false,false,стихи
L1992-10-30,1992,1992-10-30,пт,Россия,Москва,,ДК МЭИ,,false,false,5 премьер
L1992-06-25,1992,1992-06-25,чт,Россия,Москва,,ДК МЭИ,,false,false,
L1992-04-15,1992,1992-04-15,ср,Россия,Москва,,ДК МЭИ,,false,false,
L1992-03-15,1992,1992-03-15,вс,Россия,Москва,,ДК МЭИ,,true,false,
L1992-02-15,1992,1992-02-15,сб,Россия,Москва,,ДК МЭИ,,false,false,5 премьер
L1991-A,1991,,??,СССР,Москва,,Куст "Сокол",,false,false,
L1991-12-21,1991,1991-12-21,сб,СССР,Санкт-Петербург,,Политехнический институт,,false,false,
L1991-12-17,1991,1991-12-17,вт,СССР,Санкт-Петербург,,Дом учёных,,false,false,
L1991-11-28,1991,1991-11-28,чт,СССР,Москва,,ЦИАМ,,false,false,
L1991-11-21,1991,1991-11-21,чт,СССР,Москва,,МЭИ,,false,false,6 премьер
L1991-11-13,1991,1991-11-13,ср,СССР,Москва,,Киношкола,,false,false,
L1991-06-13,1991,1991-06-13,чт,СССР,Москва,,ДК МЭИ,,false,false,3 премьеры
L1991-04-30,1991,1991-04-30,вт,СССР,Днепропетровск,,Дом учёных,,false,false,
L1991-04-29,1991,1991-04-29,пн,СССР,Днепропетровск,,Дом учёных,,false,false,
L1991-04-18,1991,1991-04-18,чт,СССР,Москва,,ДК МЭИ,,true,false,
L1991-03-??,1991,1991-03,??,СССР,Москва,,МГУ - Биологический факультет,,false,false,
L1991-03-21,1991,1991-03-21,чт,СССР,Москва,,ДК МЭИ,,false,false,4 премьеры
L1991-02-02,1991,1991-02-02,сб,СССР,Москва,,ДК МЭИ,,true,false,
L1991-01-19,1991,1991-01-19,сб,СССР,Калуга,,,,false,false,премьера
L1991-01-15,1991,1991-01-15,вт,СССР,Москва,,ДК МЭИ,,false,false,премьера
L1990-12-xx,1990,1990-12,??,СССР,Москва,,ДК МЭИ,,false,false,премьера
L1990-12-08,1990,1990-12-08,сб,СССР,Минск,,ДК Белсовпрофа,,false,false,премьера
L1990-10-26-2,1990,1990-10-26,пт,СССР,Москва,,МЭИ (малый зал),вечерний,false,false,
L1990-10-26-1,1990,1990-10-26,пт,СССР,Москва,,МЭИ (малый зал),дневной,,false,false,13 премьер
L1990-05-23,1990,1990-05-23,ср,СССР,Москва,,ДК МЭИ,,true,false,
L1990-04-24,1990,1990-04-24,вт,СССР,Долгопрудный,Московская обл.,МФТИ,,false,false,4 премьеры
L1990-03-02,1990,1990-03-02,пт,СССР,Москва,,ДК МЭИ,,false,false,7 премьер
L1989-D,1989,,??,СССР,Москва,,МЭИ (малый зал),,false,false,
L1989-C,1989,,??,СССР,Москва,,МЭИ (малый зал),,false,false,
L1989-B,1989,,??,СССР,Москва,,МЭИ (малый зал),,false,false,
L1989-A,1989,,??,СССР,Ленинград,,школа 239,,false,false,
L1989-12-17,1989,1989-12-17,вс,СССР,Минск,,ДК Белсовпрофа,,false,false,2 премьеры
L1989-12-11,1989,1989-12-11,пн,СССР,Москва,,МЭИ,,false,false,
L1989-12-03,1989,1989-12-03,вс,СССР,Горький,,клуб "Нижегородец",,false,false,
L1989-12-01,1989,1989-12-01,пт,СССР,Горький,,клуб "Нижегородец",,false,false,
L1989-11-10-1,1989,1989-11-10,пт,СССР,Москва,,МЭИ (малый зал),вечерний,false,false,
L1989-11-10-1,1989,1989-11-10,пт,СССР,Москва,,МЭИ (малый зал),дневной,false,false,премьера
L1989-11-02,1989,1989-11-02,чт,СССР,Красноярск,,,,false,false,4 премьеры
L1989-09-30,1989,1989-09-30,сб,СССР,Саратов,,,,false,false,3 премьеры
L1989-09-29,1989,1989-09-29,пт,СССР,Саратов,,,,false,false,
L1989-06-05,1989,1989-06-05,пн,СССР,Москва,,ДК МЭИ,,true,false,во втором акте -- дуэт
L1989-05-27,1989,1989-05-27,вс,СССР,Пермь,,,,false,false,премьера
L1989-03-18,1989,1989-03-18,сб,СССР,Москва,,МЭИ (малый зал),,false,false,4 премьеры
L1989-02-09,1989,1989-02-09,чт,СССР,Москва,,МЭИ (малый зал),,false,false,
L1989-02-08,1989,1989-02-08,ср,СССР,Москва,,МЭИ (малый зал),,false,false,
L1989-02-05-2,1989,1989-02-05,вс,СССР,Днепропетровск,,Дом Архитектора,вечерний,false,false,
L1989-02-05-1,1989,1989-02-05,вс,СССР,Днепропетровск,,Дом Архитектора,дневной,false,false,
L1989-01-14-2,1989,1989-01-14,сб,СССР,Свердловск,,УПИ,вечерний,false,false,
L1989-01-14-1,1989,1989-01-14,сб,СССР,Свердловск,,УПИ,дневной,false,false,
L1988-E,1988,,??,СССР,Москва,,МЭИ - ауд. 404,,false,false,2 премьеры
L1988-D,1988,,??,СССР,Москва,,МЭИ (малый зал),,false,false,2 премьеры; стихи
L1988-C,1988,,??,СССР,Москва,,МЭИ (малый зал),,false,false,
L1988-B,1988,,??,СССР,Ленинград,,,,false,false,
L1988-A,1988,,??,СССР,Харьков,,,,,false,false,
L1988-12-11,1988,1988-12-11,вс,СССР,Минск,,ДК Белсовпрофа,,false,false,стихи
L1988-12-10,1988,1988-12-10,сб,СССР,Минск,,ДК Белсовпрофа,,false,false,стихи
L1988-11-11,1988,1988-11-11,пт,СССР,Москва,,МЭИ (малый зал),,false,false,стихи
L1988-10-21,1988,1988-10-21,пт,СССР,Москва,,МАИ,,false,false,
L1988-09-11,1988,1988-09-11,вс,СССР,Москва,,Тёплый Стан - домашний концерт,,,false,false,
L1988-09-06,1988,1988-09-06,вт,СССР,Москва,,Тёплый Стан - домашний концерт,,false,false,
L1988-08-26,1988,1988-08-26,пт,СССР,Москва,,ДК "Меридиан",,false,false,
L1988-05-xx,1988,1988-05,??,СССР,Москва,,Подвал на Соколе,,false,false,стихи
L1988-04-12,1988,1988-04-12,вт,СССР,Москва,,ДК МЭИ,,true,false,во втором акте -- дуэт
L1988-03-18,1988,1988-03-18,пт,СССР,Москва,,МЭИ (малый зал),,false,false,премьера
L1988-03-02,1988,1988-03-02,ср,СССР,Москва,,МЭИ (малый зал),,false,false,
L1988-01-29,1988,1988-01-29,пт,СССР,Москва,,Подвал на Соколе,,false,false,
L1987-A,1987,,??,СССР,,,домашний концерт,,премьера,,false,false,стихи
L1987-12-24,1987,1987-12-24,чт,СССР,Москва,,МЭИ,,false,false,
L1987-12-16,1987,1987-12-16,ср,СССР,Москва,,МЭИ - ауд. 401,,false,false,3 премьеры
L1987-12-12,1987,1987-12-12,сб,СССР,Калуга,,ОДРП,,true,false,,премьера
L1987-11-21,1987,1987-11-21,сб,СССР,Москва,,МЭИ,,false,false,1-й концерт
L1986-12-20,1986,1986-12-20,сб,СССР,,,домашний концерт,,true,false,
L1986-07-07,1986,1986-07-07,пн,СССР,Новосибирск,,база отдыха ИЯФ "Разлив",,false,false,с Ю. Кимом
L1986-07-04,1986,1986-07-04,пт,СССР,Новосибирск,,домашник у Ф. Израилева,,false,false,с Ю. Кимом; 3 премьеры
L1982-05-15,1982,1982-05-15,сб,СССР,Калуга,,слёт Калужского КСП,,false,false,
